City_ID,City,Country,Lat,Lng,Max Temp,Humidity,Cloudiness,Wind Speed,Current Description
0,Hobart,AU,-42.8794,147.3294,49.05,84,75,3.44,broken clouds
1,Arraial Do Cabo,BR,-22.9661,-42.0278,75.16,83,40,3.44,scattered clouds
2,Tiksi,RU,71.6872,128.8694,30.88,83,100,4.59,overcast clouds
3,Ribeira Grande,PT,38.5167,-28.7,73.8,88,75,6.91,mist
4,Hermanus,ZA,-34.4187,19.2345,59.9,77,90,23.02,overcast clouds
5,Lagoa,PT,39.05,-27.9833,71.49,87,0,7.14,clear sky
6,Ingham,US,42.6,-84.3833,75.31,54,1,3.44,clear sky
7,Zwettl,AT,48.6,15.1667,55.65,83,86,6.44,overcast clouds
8,Pafos,CY,34.7667,32.4167,75.11,78,20,6.91,few clouds
9,Zurrieq,MT,35.8311,14.4742,75.96,83,20,9.22,few clouds
10,Aswan,EG,24.0934,32.907,85.3,20,0,9.22,clear sky
11,Hervey Bay,AU,-25.2986,152.8535,68.11,82,100,13.53,moderate rain
12,Cidreira,BR,-30.1811,-50.2056,64.83,86,56,15.5,broken clouds
13,Kaseda,JP,31.4167,130.3167,74.86,83,0,10.27,clear sky
14,Shestakovo,RU,56.4915,103.96,34.59,93,100,0.74,overcast clouds
15,Christchurch,NZ,-43.5333,172.6333,44.91,83,90,1.99,overcast clouds
16,Dikson,RU,73.5069,80.5464,33.53,93,100,16.46,overcast clouds
17,Busselton,AU,-33.65,115.3333,56.08,86,7,7.36,clear sky
18,Atuona,PF,-9.8,-139.0333,77.86,75,55,19.37,light rain
19,Butaritari,KI,3.0707,172.7902,81.54,79,97,16.67,light rain
20,Shiyan,CN,32.6475,110.7781,64.85,83,71,3.02,light rain
21,Puerto Ayora,EC,-0.7393,-90.3518,78.76,83,94,10.04,overcast clouds
22,Bluff,NZ,-46.6,168.3333,44.8,63,79,20.94,broken clouds
23,Cherskiy,RU,68.75,161.3,24.04,94,90,10.63,overcast clouds
24,Binzhou,CN,37.3667,118.0167,64.42,82,0,4.41,light rain
25,Rikitea,PF,-23.1203,-134.9692,73.11,67,100,17.81,overcast clouds
26,Lavrentiya,RU,65.5833,-171.0,33.69,80,100,9.8,overcast clouds
27,Richards Bay,ZA,-28.783,32.0377,64.33,90,100,7.47,moderate rain
28,Cozumel,MX,20.5083,-86.9458,89.67,66,20,3.0,few clouds
29,San Quintin,MX,30.4833,-115.95,70.79,59,3,14.43,clear sky
30,Bengkulu,ID,-3.8004,102.2655,75.6,90,99,10.87,overcast clouds
31,East London,ZA,-33.0153,27.9116,59.77,87,100,16.84,moderate rain
32,Port Blair,IN,11.6667,92.75,80.55,81,22,3.98,few clouds
33,Hofn,IS,64.2539,-15.2082,41.02,87,75,6.91,broken clouds
34,Udachnyy,RU,66.4167,112.4,27.03,62,100,4.88,overcast clouds
35,Limuru,KE,-1.1,36.65,59.99,78,96,9.73,overcast clouds
36,Takoradi,GH,4.8845,-1.7554,76.77,89,91,6.87,overcast clouds
37,Saldanha,ZA,-33.0117,17.9442,62.65,74,65,15.21,broken clouds
38,Carnarvon,AU,-24.8667,113.6333,68.07,88,50,9.22,scattered clouds
39,Hami,CN,42.8,93.45,64.87,22,21,7.87,few clouds
40,Hilo,US,19.7297,-155.09,81.25,75,75,5.99,broken clouds
41,Faanui,PF,-16.4833,-151.75,78.55,76,11,18.5,light rain
42,Sirajganj,BD,24.45,89.7167,78.85,84,100,6.06,overcast clouds
43,Dogondoutchi,NE,13.6393,4.0287,88.11,49,58,11.25,broken clouds
44,Mataura,NZ,-46.1927,168.8643,44.47,98,99,7.11,overcast clouds
45,Upernavik,GL,72.7868,-56.1549,31.89,58,100,1.03,overcast clouds
46,Ushuaia,AR,-54.8,-68.3,47.86,49,75,10.36,broken clouds
47,Te Anau,NZ,-45.4167,167.7167,38.37,87,77,0.74,broken clouds
48,Birecik,TR,37.0294,37.9903,70.81,38,5,4.07,clear sky
49,Bilgoraj,PL,50.5411,22.722,53.65,56,97,12.59,overcast clouds
50,Clinton,US,42.587,-82.9199,75.56,49,1,1.99,clear sky
51,Sanmartin,RO,46.2667,25.9333,48.42,78,58,4.47,broken clouds
52,Kailua,US,21.4022,-157.7394,84.18,82,90,9.22,moderate rain
53,Tuktoyaktuk,CA,69.4541,-133.0374,32.0,93,90,29.93,light snow
54,Kalmunai,LK,7.4167,81.8167,80.46,79,99,5.73,overcast clouds
55,Margate,GB,51.3813,1.3862,54.03,75,7,12.39,clear sky
56,Manggar,ID,-2.8833,108.2667,80.91,83,99,7.85,overcast clouds
57,Port Macquarie,AU,-31.4333,152.9167,57.16,89,100,13.56,moderate rain
58,Sinop,TR,41.7711,34.8709,51.71,81,94,4.5,overcast clouds
59,Acari,PE,-15.4311,-74.6158,77.76,47,4,9.28,clear sky
60,Banepa,NP,27.6298,85.5214,68.32,94,75,2.3,broken clouds
61,Mairana,BO,-18.1167,-63.9333,75.56,43,76,8.16,broken clouds
62,Chokurdakh,RU,70.6333,147.9167,18.82,96,100,5.44,overcast clouds
63,Port Alfred,ZA,-33.5906,26.891,59.76,74,100,17.83,light rain
64,Zeya,RU,53.75,127.2667,32.77,95,38,2.86,scattered clouds
65,Narsaq,GL,60.9167,-46.05,41.22,46,6,2.84,clear sky
66,Barrow,US,71.2906,-156.7887,30.22,74,90,11.5,light snow
67,Kapaa,US,22.0752,-159.319,80.92,69,20,1.99,few clouds
68,Provideniya,RU,64.3833,-173.3,33.91,69,75,17.9,light snow
69,Jamestown,US,42.097,-79.2353,69.3,52,40,3.0,scattered clouds
70,Barra Patuca,HN,15.8,-84.2833,85.68,66,1,10.2,clear sky
71,Vaini,TO,-21.2,-175.2,75.36,88,75,5.75,broken clouds
72,Safonovo,RU,55.15,33.2167,39.58,87,100,3.65,overcast clouds
73,Lahij,YE,13.1667,44.5833,87.96,36,99,4.83,overcast clouds
74,Otane,NZ,-39.8833,176.6333,59.02,71,100,10.04,light rain
75,Qaanaaq,GL,77.484,-69.3632,17.58,80,1,7.36,clear sky
76,Pevek,RU,69.7008,170.3133,27.66,84,100,22.06,overcast clouds
77,Ponta Do Sol,PT,32.6667,-17.1,73.71,65,11,8.12,few clouds
78,Saint-Philippe,RE,-21.3585,55.7679,71.15,78,50,14.12,scattered clouds
79,Waipawa,NZ,-41.4122,175.5153,53.02,86,100,6.96,moderate rain
80,Fairbanks,US,64.8378,-147.7164,26.22,82,90,3.44,overcast clouds
81,Vodnyy,RU,63.5046,53.4095,40.87,90,100,5.97,overcast clouds
82,Bethel,US,41.3712,-73.414,68.02,57,40,11.5,scattered clouds
83,Ilulissat,GL,69.2167,-51.1,28.42,50,75,8.05,broken clouds
84,Hasaki,JP,35.7333,140.8333,63.28,79,100,8.68,overcast clouds
85,Sao Luis,BR,-2.5297,-44.3028,84.4,74,75,14.97,light rain
86,Albany,US,42.6001,-73.9662,63.81,57,91,6.93,overcast clouds
87,Rio Gallegos,AR,-51.6226,-69.2181,64.45,19,75,17.27,broken clouds
88,Calhoun,US,42.2506,-85.0005,77.99,32,1,0.0,clear sky
89,Tuatapere,NZ,-46.1333,167.6833,43.83,82,96,9.22,overcast clouds
90,Pisco,PE,-13.7,-76.2167,65.01,77,90,10.36,overcast clouds
91,Hamilton,US,39.1834,-84.5333,84.24,53,1,1.99,clear sky
92,Luderitz,NA,-26.6481,15.1594,57.72,81,96,20.69,overcast clouds
93,Port Lincoln,AU,-34.7333,135.8667,55.0,89,20,10.58,few clouds
94,Banda Aceh,ID,5.5577,95.3222,77.95,84,99,6.8,light rain
95,Iqaluit,CA,63.7506,-68.5145,35.33,80,90,10.0,overcast clouds
96,Georgetown,MY,5.4112,100.3354,77.9,93,20,1.01,few clouds
97,Bathsheba,BB,13.2167,-59.5167,84.27,66,75,4.34,broken clouds
98,Gorom-Gorom,BF,14.4439,-0.2361,95.23,25,8,7.49,clear sky
99,Kodinsk,RU,58.6881,99.1844,24.55,98,58,1.59,broken clouds
100,Karratha,AU,-20.7377,116.8463,72.61,36,7,8.61,clear sky
101,Port Elizabeth,ZA,-33.918,25.5701,57.49,72,90,14.97,overcast clouds
102,Tasiilaq,GL,65.6145,-37.6368,31.75,66,16,7.49,few clouds
103,Cayenne,GF,4.9333,-52.3333,87.84,74,75,1.01,broken clouds
104,Dallas,US,32.7668,-96.7836,93.07,43,75,4.0,thunderstorm
105,Kahului,US,20.8947,-156.47,85.26,73,20,14.97,few clouds
106,Nikolskoye,RU,59.7035,30.7861,45.81,86,51,3.6,broken clouds
107,Wanning,CN,18.8003,110.3967,76.42,87,15,3.62,few clouds
108,Punta Arenas,CL,-53.15,-70.9167,50.11,46,0,17.27,clear sky
109,Gasa,PS,31.5,34.4667,75.9,69,0,2.35,clear sky
110,Laguna,US,38.421,-121.4238,81.64,31,1,1.99,clear sky
111,Tromso,NO,69.6496,18.957,44.62,87,0,4.61,clear sky
112,Castro,BR,-24.7911,-50.0119,80.49,50,21,3.09,few clouds
113,Chapais,CA,49.7834,-74.8492,51.58,78,100,5.84,overcast clouds
114,Terrace,CA,54.5163,-128.6035,49.42,93,75,5.75,light rain
115,Port-Cartier,CA,50.0334,-66.8654,55.62,77,90,7.74,overcast clouds
116,La Paz,BO,-16.5,-68.15,66.18,22,20,13.8,few clouds
117,Saint-Leu,RE,-21.15,55.2833,70.63,74,8,4.09,clear sky
118,Katsuura,JP,35.1333,140.3,71.19,75,100,6.49,overcast clouds
119,Kungurtug,RU,50.5994,97.5228,27.48,59,94,1.25,overcast clouds
120,Vao,NC,-22.6667,167.4833,69.31,77,99,22.01,overcast clouds
121,Banjar,ID,-8.19,114.9675,78.66,88,22,4.68,few clouds
122,Vostok,RU,46.4856,135.8833,52.81,90,93,2.44,overcast clouds
123,Egvekinot,RU,66.3167,-179.1667,15.82,84,100,13.13,overcast clouds
124,Chongwe,ZM,-15.3292,28.682,76.5,27,71,4.47,broken clouds
125,Radchenko,RU,56.6803,36.3718,42.04,87,59,2.46,broken clouds
126,Poykovskiy,RU,61.2333,73.3333,35.89,80,0,6.71,clear sky
127,Ranong,TH,9.9658,98.6348,77.49,91,77,2.53,broken clouds
128,Quelimane,MZ,-17.8786,36.8883,76.95,88,0,15.01,clear sky
129,Esperance,AU,-33.8667,121.9,53.44,85,52,10.45,broken clouds
130,Alihe,CN,50.5667,123.7167,31.08,90,23,3.31,few clouds
131,Sillamae,EE,59.3997,27.7547,51.12,60,100,8.05,overcast clouds
132,San Rafael,AR,-34.6177,-68.3301,80.11,18,2,15.82,clear sky
133,Terney,RU,45.0503,136.6092,61.0,95,100,7.65,overcast clouds
134,Dunedin,NZ,-45.8742,170.5036,42.8,70,75,3.0,broken clouds
135,Severo-Kurilsk,RU,50.6789,156.125,50.56,91,63,5.03,broken clouds
136,Anadyr,RU,64.75,177.4833,12.7,92,100,13.0,fog
137,Tura,IN,25.5198,90.2201,72.14,85,92,1.19,overcast clouds
138,Gibsons,CA,49.3997,-123.5027,55.0,78,100,5.01,overcast clouds
139,Yellowknife,CA,62.456,-114.3525,49.41,100,90,4.61,mist
140,Chandur Bazar,IN,21.2417,77.7456,73.96,91,58,2.26,broken clouds
141,Pangoa,PE,-12.1167,-73.0,82.18,64,100,1.9,overcast clouds
142,Natal,BR,-5.795,-35.2094,83.05,74,75,19.57,broken clouds
143,Lososina,RU,48.9975,140.3106,59.09,97,99,9.53,overcast clouds
144,Trabzon,TR,40.9167,39.8333,55.49,82,75,5.75,broken clouds
145,Taksimo,RU,56.3444,114.8794,31.24,80,98,4.05,overcast clouds
146,Oktyabrskiy,RU,54.4815,53.471,36.36,64,100,3.67,overcast clouds
147,Talnakh,RU,69.4865,88.3972,32.22,93,100,14.79,snow
148,Avarua,CK,-21.2078,-159.775,77.05,78,82,4.61,broken clouds
149,Izhma,RU,65.0083,53.9113,42.4,97,98,5.01,overcast clouds
150,Pavilosta,LV,56.8879,21.1859,51.75,63,100,16.58,overcast clouds
151,Mont-De-Marsan,FR,44.0,-0.6667,62.42,94,90,3.44,overcast clouds
152,Zhezkazgan,KZ,47.8043,67.7144,47.17,56,100,9.75,overcast clouds
153,Bolotnoye,RU,55.6717,84.3981,41.85,97,100,6.98,light rain
154,Cangzhou,CN,38.3167,116.8667,64.02,90,0,6.93,clear sky
155,Bintulu,MY,3.1667,113.0333,77.41,100,40,5.01,scattered clouds
156,Toktogul,KG,41.8708,72.9402,61.18,48,1,1.19,clear sky
157,Waldkirch,DE,48.0959,7.9637,56.91,91,56,3.87,broken clouds
158,Naryan-Mar,RU,67.6713,53.087,43.99,91,100,9.37,overcast clouds
159,Bredasdorp,ZA,-34.5322,20.0403,58.32,72,100,17.27,overcast clouds
160,New Norfolk,AU,-42.7826,147.0587,48.7,70,100,1.79,overcast clouds
161,Ketchikan,US,55.3422,-131.6461,53.58,93,90,16.11,moderate rain
162,Sisimiut,GL,66.9395,-53.6735,33.22,57,100,4.92,overcast clouds
163,Hithadhoo,MV,-0.6,73.0833,81.34,75,100,2.75,overcast clouds
164,Muros,ES,42.7762,-9.0603,66.83,80,93,9.73,overcast clouds
165,Praia,CV,14.9215,-23.5087,82.94,74,40,11.5,scattered clouds
166,Nelson Bay,AU,-32.7167,152.15,59.09,94,100,11.27,overcast clouds
167,Santa Isabel Do Rio Negro,BR,-0.4139,-65.0192,90.01,49,100,3.27,overcast clouds
168,Cape Town,ZA,-33.9258,18.4232,61.27,58,20,14.97,few clouds
169,Vardo,NO,70.3705,31.1107,46.15,87,0,6.91,clear sky
170,Nanortalik,GL,60.1432,-45.2371,37.06,66,3,8.95,clear sky
171,Anjozorobe,MG,-18.4,47.8667,59.32,92,61,3.53,broken clouds
172,Isangel,VU,-19.55,169.2667,71.71,78,61,6.91,broken clouds
173,Emerald,AU,-23.5333,148.1667,66.34,88,40,9.22,scattered clouds
174,Sola,VU,-13.8833,167.55,79.39,80,86,20.56,overcast clouds
175,Andrews,US,32.3187,-102.5457,90.64,24,1,13.8,clear sky
176,Khor,RU,47.8861,134.9464,52.97,95,100,9.42,overcast clouds
177,Oranjemund,NA,-28.55,16.4333,56.64,90,78,7.56,broken clouds
178,Saint George,US,37.1041,-113.5841,77.47,33,1,1.01,clear sky
179,Januaria,BR,-15.4833,-44.3667,94.39,23,50,3.83,scattered clouds
180,Padang,ID,-0.9492,100.3543,75.25,90,100,4.76,heavy intensity rain
181,Souillac,MU,-20.5167,57.5167,71.98,78,40,11.5,scattered clouds
182,Lahaina,US,20.8783,-156.6825,85.24,80,0,5.3,clear sky
183,Codrington,AU,-38.2667,141.9667,52.97,96,100,22.84,moderate rain
184,Sindor,RU,62.8629,51.8905,40.59,91,100,5.06,overcast clouds
185,San Patricio,US,28.017,-97.5169,86.41,56,0,12.95,clear sky
186,Sur,OM,22.5667,59.5289,85.59,61,96,5.35,overcast clouds
187,Garowe,SO,8.4054,48.4845,79.68,61,46,13.18,light rain
188,Cabo San Lucas,MX,22.8909,-109.9124,90.18,65,7,4.97,clear sky
189,Seoul,KR,37.5683,126.9778,65.59,100,4,2.3,fog
190,Mahebourg,MU,-20.4081,57.7,71.89,78,40,11.5,scattered clouds
191,Sorland,NO,67.667,12.6934,52.83,80,100,12.03,overcast clouds
192,Mayo,US,38.8876,-76.5119,74.34,49,1,1.01,clear sky
193,Kavieng,PG,-2.5744,150.7967,81.55,81,96,12.84,moderate rain
194,Kleive,NO,62.7954,7.6359,55.72,71,0,8.05,clear sky
195,Vanimo,PG,-2.6741,141.3028,76.84,91,35,4.97,scattered clouds
196,Jiuquan,CN,39.7432,98.5174,60.15,22,100,2.51,overcast clouds
197,Hailin,CN,44.5833,129.4167,47.21,92,5,3.27,clear sky
198,Minyar,RU,55.0709,57.5485,31.78,82,41,1.12,scattered clouds
199,Rodino,RU,52.5,80.25,40.01,78,100,9.95,overcast clouds
200,Pervomayskiy,RU,53.2485,40.2871,38.12,70,20,4.43,few clouds
201,Tonj,SS,7.2737,28.6822,72.16,95,89,6.78,light rain
202,Luan,CH,46.3592,6.9759,52.43,87,64,2.68,broken clouds
203,Bambous Virieux,MU,-20.3428,57.7575,71.85,78,40,11.5,scattered clouds
204,Malanje,AO,-9.5402,16.341,76.51,48,81,8.16,broken clouds
205,Petukhovo,RU,55.0692,67.9019,35.76,87,88,7.72,overcast clouds
206,Tautira,PF,-17.7333,-149.15,82.42,75,23,16.69,few clouds
207,Harper,LR,4.375,-7.7169,76.78,89,100,9.06,moderate rain
208,Lasa,IT,46.6166,10.7002,58.91,90,80,4.63,broken clouds
209,Bradley,US,35.1501,-84.8666,84.9,57,0,5.39,clear sky
210,Iquitos,PE,-3.7481,-73.2472,84.24,70,75,3.44,broken clouds
211,Thompson,CA,55.7435,-97.8558,68.16,56,75,6.91,broken clouds
212,Weatherford,US,32.7593,-97.7972,90.72,51,1,1.01,clear sky
213,Saint Anthony,US,45.0205,-93.218,86.14,50,1,5.99,clear sky
214,Chuy,UY,-33.6971,-53.4616,60.22,76,76,11.3,broken clouds
215,Khatanga,RU,71.9667,102.5,29.98,92,100,13.96,light snow
216,Torbay,CA,47.6666,-52.7314,70.57,84,40,10.36,scattered clouds
217,Saskylakh,RU,71.9167,114.0833,19.78,93,94,3.83,overcast clouds
218,Kaohsiung,TW,22.6163,120.3133,82.04,88,40,1.01,scattered clouds
219,Akyab,MM,20.15,92.9,79.3,82,85,3.36,overcast clouds
220,Labuhan,ID,-6.8844,112.2051,77.68,83,84,7.63,broken clouds
221,Nishihara,JP,26.1842,127.7558,79.88,95,20,5.75,few clouds
222,Mosquera,CO,4.7059,-74.2302,60.89,77,75,10.36,broken clouds
223,Yulara,AU,-25.2406,130.9889,53.44,37,3,5.75,clear sky
224,Port Hardy,CA,50.6996,-127.4199,55.58,76,75,17.27,broken clouds
225,Alpena,US,45.0617,-83.4327,70.12,53,1,4.0,clear sky
226,Yoichi,JP,43.2039,140.7703,66.22,89,100,9.89,overcast clouds
227,Igarka,RU,67.4667,86.5833,29.16,87,54,7.63,broken clouds
228,Itacarambi,BR,-15.1022,-44.0919,93.47,24,49,5.46,scattered clouds
229,Shahr-E Kord,IR,32.3256,50.8644,56.97,17,0,4.61,clear sky
230,Norman Wells,CA,65.282,-126.8329,33.84,75,75,0.0,broken clouds
231,Sao Luiz Gonzaga,BR,-28.4083,-54.9608,72.43,74,44,13.42,scattered clouds
232,Mgachi,RU,51.05,142.2667,58.6,85,99,8.14,overcast clouds
233,Alyangula,AU,-13.8483,136.4192,71.47,94,13,0.0,few clouds
234,Flinders,AU,-34.5833,150.8552,61.21,88,100,1.01,overcast clouds
235,Sabha,LY,27.0377,14.4283,81.93,20,0,3.33,clear sky
236,Tigre,AR,-34.426,-58.5796,73.2,65,20,11.5,few clouds
237,Merauke,ID,-8.4667,140.3333,76.89,90,100,9.71,overcast clouds
238,Grindavik,IS,63.8424,-22.4338,42.75,81,75,19.57,broken clouds
239,Camacupa,AO,-12.0167,17.4833,70.99,41,8,3.09,clear sky
240,Leningradskiy,RU,69.3833,178.4167,26.87,97,100,12.77,light snow
241,Iskateley,RU,67.6803,53.1512,43.9,91,100,9.35,overcast clouds
242,Tonosho,JP,34.4833,134.1833,75.02,77,0,13.02,clear sky
243,Toora-Khem,RU,52.4675,96.11,25.68,42,25,1.83,scattered clouds
244,Mar Del Plata,AR,-38.0023,-57.5575,59.02,27,20,28.99,few clouds
245,Yurginskoye,RU,56.8189,67.3921,38.26,85,99,6.76,overcast clouds
246,Puerto Suarez,BO,-18.95,-57.8,98.96,44,20,6.91,smoke
247,Vytegra,RU,61.0064,36.4481,43.02,93,57,3.51,broken clouds
248,Boddam,GB,57.4667,-1.7833,51.71,79,6,11.88,clear sky
249,Husavik,IS,66.0449,-17.3389,40.91,75,68,14.85,broken clouds
250,Srednekolymsk,RU,67.45,153.6833,16.84,97,89,3.67,overcast clouds
251,Mukhen,RU,48.1,136.1,57.54,97,99,5.32,overcast clouds
252,Sinegorye,RU,62.0788,150.477,19.85,62,100,2.71,overcast clouds
253,Umm Lajj,SA,25.0213,37.2685,81.23,67,0,9.24,clear sky
254,Hollins,US,37.3413,-79.9431,84.18,63,40,9.22,scattered clouds
255,Alofi,NU,-19.0595,-169.9187,75.09,94,90,3.44,shower rain
256,Sosnovo-Ozerskoye,RU,52.5249,111.5418,24.73,87,72,7.2,broken clouds
257,General Roca,AR,-39.0333,-67.5833,77.4,12,0,16.24,clear sky
258,Peniche,PT,39.3558,-9.3811,67.48,87,43,19.04,scattered clouds
259,Barcelos,PT,41.5388,-8.6151,67.91,83,89,6.4,overcast clouds
260,Xining,CN,36.6167,101.7667,51.19,54,9,2.51,clear sky
261,Fortuna,US,40.5982,-124.1573,70.41,53,20,5.99,few clouds
262,Ludvika,SE,60.1496,15.1878,51.6,94,100,10.29,overcast clouds
263,Mahina,PF,-17.5065,-149.489,82.17,69,40,5.75,scattered clouds
264,Krumovgrad,BG,41.4667,25.65,64.35,70,77,8.32,broken clouds
265,Kieta,PG,-6.2167,155.6333,78.69,86,73,3.6,light rain
266,Koutsouras,GR,35.0339,25.9469,74.1,60,3,13.96,clear sky
267,Wattegama,LK,6.7989,81.4808,78.31,76,100,1.86,overcast clouds
268,Saint-Joseph,RE,-21.3667,55.6167,70.16,76,35,12.17,scattered clouds
269,Bilibino,RU,68.0546,166.4372,1.36,97,100,2.44,overcast clouds
270,Odweyne,SO,9.4092,45.064,77.38,50,83,13.82,broken clouds
271,Nome,US,64.5011,-165.4064,33.87,70,90,9.22,overcast clouds
272,Piacenza,IT,45.0468,9.6994,72.01,77,0,5.91,clear sky
273,Montepulciano,IT,43.1017,11.7868,67.77,67,0,4.41,clear sky
274,Santa Maria,BR,-29.6842,-53.8069,74.5,60,75,13.8,broken clouds
275,Plettenberg Bay,ZA,-34.0527,23.3716,56.46,83,100,16.02,overcast clouds
276,Maragogi,BR,-9.0122,-35.2225,76.08,85,95,9.55,overcast clouds
277,Ancud,CL,-41.8697,-73.8203,49.53,90,100,14.0,overcast clouds
278,Grand Gaube,MU,-20.0064,57.6608,72.0,72,83,5.99,broken clouds
279,Jacqueville,CI,5.2052,-4.4146,78.71,89,92,7.56,overcast clouds
280,Wismar,DE,53.9,11.4667,53.19,93,77,4.0,broken clouds
281,Okakarara,NA,-20.5833,17.4333,70.65,19,37,10.74,scattered clouds
282,Coihaique,CL,-45.5752,-72.0662,54.21,46,75,8.05,broken clouds
283,Mount Gambier,AU,-37.8333,140.7667,53.51,94,90,16.11,overcast clouds
284,Itarema,BR,-2.9248,-39.9167,81.45,75,1,17.0,clear sky
285,Kota Kinabalu,MY,5.9749,116.0724,75.18,100,40,2.3,scattered clouds
286,Riyadh,SA,24.6877,46.7219,80.74,11,3,4.92,clear sky
287,Poum,NC,-20.2333,164.0167,73.22,72,9,16.33,clear sky
288,Kampot,KH,10.6167,104.1833,78.85,84,13,2.57,few clouds
289,Sundsvall,SE,62.3913,17.3063,51.96,97,90,8.05,overcast clouds
290,Atherton,GB,53.5237,-2.4935,51.42,79,54,1.01,broken clouds
291,Fort-Shevchenko,KZ,44.5086,50.263,52.54,61,10,11.25,clear sky
292,Curup,ID,-3.4667,102.5333,67.14,99,100,1.25,overcast clouds
293,Sao Filipe,CV,14.8961,-24.4956,79.72,80,51,6.11,broken clouds
294,Rumoi,JP,43.9344,141.6428,60.19,91,100,16.67,light rain
295,Constitucion,CL,-35.3333,-72.4167,56.84,55,3,6.29,clear sky
296,Belmonte,BR,-15.8631,-38.8828,79.3,72,0,8.68,clear sky
297,Almaznyy,RU,48.0448,40.045,42.94,57,7,6.98,clear sky
298,Kondoa,TZ,-4.9,35.7833,65.64,61,12,6.33,few clouds
299,Erzin,TR,36.9559,36.2,74.12,86,49,1.7,scattered clouds
300,Quatre Cocos,MU,-20.2078,57.7625,71.71,78,76,14.36,broken clouds
301,Haines Junction,CA,60.7522,-137.5108,31.95,74,98,1.14,overcast clouds
302,Chicama,PE,-7.8447,-79.1469,63.14,63,95,10.54,overcast clouds
303,Marostica,IT,45.7468,11.6579,69.08,67,9,5.14,clear sky
304,Makakilo City,US,21.3469,-158.0858,82.72,64,1,9.22,clear sky
305,Kodiak,US,57.79,-152.4072,44.53,62,70,7.9,broken clouds
306,Barra Do Garcas,BR,-15.89,-52.2567,104.58,22,40,2.3,scattered clouds
307,Beringovskiy,RU,63.05,179.3167,22.64,93,100,37.18,snow
308,Aklavik,CA,68.2191,-135.0107,30.92,74,89,4.59,overcast clouds
309,Mokobeng,BW,-22.9965,27.6678,79.66,36,0,18.05,clear sky
310,Tari,NG,12.4086,4.4914,80.01,73,98,7.07,overcast clouds
311,Omboue,GA,-1.5746,9.2618,77.09,85,100,8.19,overcast clouds
312,Shimoda,JP,34.6667,138.95,69.1,78,100,7.02,overcast clouds
313,Changji,CN,44.0167,87.3167,59.79,38,0,6.71,clear sky
314,Lubango,AO,-14.9172,13.4925,64.87,55,29,3.83,scattered clouds
315,Progreso,MX,21.2833,-89.6667,92.1,58,11,15.77,few clouds
316,Dembi Dolo,ET,8.5333,34.8,55.74,91,40,4.59,scattered clouds
317,Marshall,US,34.3834,-86.3333,87.82,60,1,1.01,clear sky
318,Viedma,AR,-40.8135,-62.9967,71.1,43,99,19.53,overcast clouds
319,Valparaiso,CL,-33.0393,-71.6273,62.83,65,75,3.44,broken clouds
320,Luau,AO,-10.7073,22.2247,72.54,66,90,2.95,overcast clouds
321,Bukan,IR,36.521,46.2089,64.74,29,0,4.29,clear sky
322,Luanda,AO,-8.8368,13.2343,75.2,83,40,12.66,scattered clouds
323,Vila Franca Do Campo,PT,37.7167,-25.4333,73.81,87,13,2.95,few clouds
324,Todos Santos,MX,23.45,-110.2167,89.67,70,1,10.38,clear sky
325,Victoria,HK,22.2855,114.1577,85.96,85,0,1.99,light rain
326,Gold Coast,AU,-28.0,153.4333,65.25,95,75,1.99,light intensity shower rain
327,Xuddur,SO,4.1213,43.8894,76.62,65,57,17.69,broken clouds
328,Kavaratti,IN,10.5669,72.642,81.05,79,23,14.83,few clouds
329,Durango,MX,24.8333,-104.8333,76.08,33,7,5.86,clear sky
330,Sangin,AF,32.0728,64.8359,79.38,13,0,2.48,clear sky
331,Pringsewu,ID,-5.3582,104.9744,74.26,96,100,3.58,overcast clouds
332,La Ronge,CA,55.1001,-105.2842,57.45,77,75,11.5,broken clouds
333,Comodoro Rivadavia,AR,-45.8667,-67.5,64.26,15,0,19.57,clear sky
334,Avanigadda,IN,16.0215,80.9181,78.06,83,33,2.95,scattered clouds
335,Ust-Kalmanka,RU,52.1207,83.305,46.53,80,90,9.4,overcast clouds
336,Donegal,IE,54.65,-8.1167,48.25,86,100,9.64,moderate rain
337,Hutchinson,US,38.0608,-97.9298,85.19,54,75,4.0,broken clouds
338,Korla,CN,41.7597,86.1469,67.93,23,6,9.01,clear sky
339,Salalah,OM,17.0151,54.0924,82.49,89,20,4.61,few clouds
340,Shreveport,US,32.5251,-93.7502,84.42,64,1,6.91,clear sky
341,Demirci,TR,39.0461,28.6589,52.3,74,0,7.74,clear sky
342,Fort Nelson,CA,58.8053,-122.7002,38.79,100,90,2.3,mist
343,Grafton,US,42.207,-71.6856,65.77,57,90,1.01,overcast clouds
344,San Marcos,US,33.1434,-117.1661,79.61,59,1,1.01,clear sky
345,Clyde River,CA,70.4692,-68.5914,32.23,93,90,18.41,overcast clouds
346,Sovetskiy,RU,61.3614,63.5842,33.67,85,45,1.97,scattered clouds
347,Nabire,ID,-3.3667,135.4833,76.19,91,92,2.89,overcast clouds
348,Betioky,MG,-23.7167,44.3833,74.14,51,58,4.7,broken clouds
349,Avera,US,33.194,-82.5271,88.48,36,0,2.59,clear sky
350,Half Moon Bay,US,37.4636,-122.4286,81.25,60,1,1.99,haze
351,Mountain Home,US,43.133,-115.6912,59.81,41,1,10.18,clear sky
352,Gargzdai,LT,55.7128,21.4033,50.47,70,100,16.37,overcast clouds
353,Green River,US,41.5286,-109.4662,52.99,47,100,1.01,overcast clouds
354,Port Said,EG,31.2565,32.2841,76.98,73,0,5.75,clear sky
355,Komsomolskiy,UZ,40.4272,71.7189,65.12,55,0,4.61,clear sky
356,Moerai,PF,-22.4333,-151.3333,74.98,79,0,6.58,clear sky
357,Bilma,NE,18.6853,12.9164,89.44,15,32,8.59,scattered clouds
358,Ucluelet,CA,48.9329,-125.5528,57.04,93,100,3.0,overcast clouds
359,Loutros,GR,40.5883,22.3994,69.48,90,100,1.66,overcast clouds
360,Ukiah,US,39.1502,-123.2078,81.12,40,1,0.0,clear sky
361,Barguzin,RU,53.6167,109.6167,29.23,93,36,2.64,scattered clouds
362,Urengoy,RU,65.9667,78.3667,34.43,85,86,8.3,overcast clouds
363,Bartica,GY,6.4,-58.6167,88.12,71,100,2.73,overcast clouds
364,Sugar Hill,US,34.1065,-84.0335,86.61,53,0,3.13,clear sky
365,Sampit,ID,-2.5333,112.95,75.07,98,100,2.26,light rain
366,Lerwick,GB,60.1545,-1.1494,48.2,79,99,8.86,overcast clouds
367,Solton,RU,52.8429,86.4787,42.28,96,53,5.3,broken clouds
368,Sitka,US,57.0531,-135.33,51.69,62,75,13.8,light rain
369,Halifax,CA,44.6453,-63.5724,61.0,83,90,5.01,overcast clouds
370,Mandawar,IN,29.5,78.1333,78.4,77,0,5.21,clear sky
371,Lompoc,US,34.6391,-120.4579,83.21,64,1,18.41,clear sky
372,Rincon,US,32.296,-81.2354,90.86,52,20,8.05,few clouds
373,Penzance,GB,50.1186,-5.5371,55.76,65,20,11.9,few clouds
374,Amethi,IN,26.15,81.8167,77.32,88,7,6.8,clear sky
375,Nokaneng,BW,-19.6667,22.2667,80.64,16,0,3.49,clear sky
376,Shingu,JP,33.7333,135.9833,71.65,89,100,7.92,overcast clouds
377,Abha,SA,18.2164,42.5053,64.22,77,20,0.0,few clouds
378,Tulagi,SB,-9.0996,160.1476,81.73,78,64,14.14,broken clouds
379,Novaya Maka,RU,41.7717,48.3615,54.36,92,100,3.96,overcast clouds
380,Managua,NI,12.1328,-86.2504,89.04,58,40,9.22,scattered clouds
381,Gwembe,ZM,-16.4975,27.6069,76.51,23,36,0.76,scattered clouds
382,Goderich,CA,43.7501,-81.7165,70.03,63,0,11.5,clear sky
383,Airai,TL,-8.9266,125.4092,57.81,76,46,2.59,scattered clouds
384,Otjimbingwe,NA,-22.35,16.1333,67.86,22,0,4.81,clear sky
385,Walvis Bay,NA,-22.9575,14.5053,57.09,82,0,5.75,clear sky
386,Kaka,TM,37.3482,59.6143,68.63,32,0,2.48,clear sky
387,Kangaatsiaq,GL,68.3065,-53.4641,30.0,55,100,2.28,overcast clouds
388,Rovaniemi,FI,66.5,25.7167,44.01,93,75,5.75,broken clouds
389,Pacific Grove,US,36.6177,-121.9166,81.61,71,1,5.99,clear sky
390,Moyale,KE,3.5167,39.0584,74.52,43,79,3.71,broken clouds
391,Ugoofaaru,MV,5.6667,73.0,81.57,77,30,9.71,scattered clouds
392,Alta Floresta,BR,-9.8756,-56.0861,94.82,46,40,4.61,scattered clouds
393,Adrar,MR,20.5022,-10.0711,96.48,9,0,9.4,clear sky
394,Ryotsu,JP,38.0833,138.4333,71.31,78,29,9.44,scattered clouds
395,Lewistown,US,40.5992,-77.5714,72.93,43,1,8.05,clear sky
396,Raga,SS,8.4596,25.678,72.18,89,99,2.93,overcast clouds
397,Vanderhoof,CA,54.0166,-124.0198,54.45,51,97,8.57,overcast clouds
398,Ypsonas,CY,34.6884,32.9574,74.37,83,0,8.05,clear sky
399,Buala,SB,-8.145,159.5921,80.29,85,95,9.73,light rain
400,Kochinda,IN,21.7333,84.35,75.24,95,100,3.49,overcast clouds
401,Teguise,ES,29.0605,-13.564,70.02,73,75,23.02,broken clouds
402,Mehamn,NO,71.0357,27.8492,44.78,100,48,5.75,scattered clouds
403,Hovd,MN,48.0056,91.6419,42.04,48,77,1.99,broken clouds
404,Sungai Padi,TH,6.0851,101.8766,76.82,96,95,2.21,overcast clouds
405,Pskov,RU,57.8136,28.3496,40.91,93,40,4.47,scattered clouds
406,Lumphat,KH,13.4878,106.9816,73.51,99,29,2.98,scattered clouds
407,Abu Dhabi,AE,24.4667,54.3667,89.71,70,0,4.61,clear sky
408,Ordynskoye,RU,54.3656,81.8994,37.51,91,100,11.43,overcast clouds
409,Mahibadhoo,MV,3.7833,72.9667,82.31,69,88,8.39,overcast clouds
410,Hobyo,SO,5.3505,48.5268,79.47,78,6,23.13,clear sky
411,Mirnyy,RU,62.5353,113.9611,26.46,90,72,3.44,broken clouds
412,Sao Joao Da Barra,BR,-21.6403,-41.0511,80.69,80,7,21.09,moderate rain
413,Mount Isa,AU,-20.7333,139.5,71.37,64,6,1.14,light rain
414,Dawlatabad,AF,36.4141,64.9053,66.47,31,0,4.29,clear sky
415,San Jose,US,37.3394,-121.895,81.48,35,40,5.01,scattered clouds
416,Kozlovka,RU,55.8428,48.2492,43.84,78,100,6.17,light rain
417,Tatarsk,RU,55.219,75.9828,37.99,89,100,7.45,overcast clouds
418,Escalerillas,MX,22.1333,-101.0667,76.51,41,22,2.82,few clouds
419,Megalopoli,GR,37.4011,22.1422,69.31,74,91,4.09,overcast clouds
420,Batemans Bay,AU,-35.7167,150.1833,59.92,97,100,3.42,light rain
421,Gien,FR,47.6933,2.6309,55.27,84,47,5.12,scattered clouds
422,Rawson,AR,-43.3002,-65.1023,73.63,18,100,22.84,overcast clouds
423,Acheng,CN,45.5454,126.977,40.93,63,0,2.71,clear sky
424,Moranbah,AU,-22.0016,148.0466,62.26,85,71,6.51,broken clouds
425,Ostersund,SE,63.1792,14.6357,47.61,87,90,14.97,overcast clouds
426,Sechelt,CA,49.4664,-123.7694,55.08,90,100,12.01,overcast clouds
427,Tilichiki,RU,60.4667,166.1,26.53,53,0,19.82,clear sky
428,Bay Roberts,CA,47.5999,-53.2648,71.35,91,55,1.01,broken clouds
429,Tadine,NC,-21.55,167.8833,71.24,76,100,16.08,overcast clouds
430,Mantua,IT,45.1667,10.7833,70.92,80,5,3.09,clear sky
431,Lima,PE,-12.0432,-77.0282,66.38,96,90,1.99,overcast clouds
432,Kijang,KR,35.2442,129.2139,73.13,97,100,9.73,light rain
433,Kedrovyy,RU,56.1667,91.8167,27.01,92,92,5.3,overcast clouds
434,Salekhard,RU,66.53,66.6019,38.77,94,100,11.14,overcast clouds
435,Batagay,RU,67.6333,134.6333,20.71,80,8,3.83,clear sky
436,Tabou,CI,4.423,-7.3528,76.75,89,100,6.89,moderate rain
437,Bloemfontein,ZA,-29.1211,26.214,58.48,72,73,4.61,light rain
438,Caravelas,BR,-17.7125,-39.2481,76.59,73,0,9.55,clear sky
439,West Wendover,US,40.7391,-114.0733,56.41,28,1,4.61,clear sky
440,Ouesso,CG,1.6136,16.0517,72.25,95,83,2.53,light rain
441,Houma,US,29.5958,-90.7195,73.99,94,100,7.18,overcast clouds
442,Petropavlovsk-Kamchatskiy,RU,53.0452,158.6483,37.99,100,20,6.71,few clouds
443,Kodino,RU,63.7198,39.6447,43.92,96,68,4.16,broken clouds
444,Nalut,LY,30.3333,10.85,81.14,34,0,16.2,clear sky
445,Meulaboh,ID,4.1363,96.1285,75.36,92,100,6.33,moderate rain
446,Pativilca,PE,-10.7,-77.7833,67.24,72,77,8.43,broken clouds
447,Kalisz,PL,51.7611,18.091,56.71,74,100,6.69,overcast clouds
448,Alice Springs,AU,-23.7,133.8833,54.95,38,0,6.91,clear sky
449,Faya,SA,18.3851,42.4509,64.51,48,62,6.49,broken clouds
450,Novoagansk,RU,61.9449,76.6625,32.47,87,40,6.38,scattered clouds
451,Awjilah,LY,29.1081,21.2869,78.46,58,0,13.85,clear sky
452,Touros,BR,-5.1989,-35.4608,83.3,76,12,16.37,few clouds
453,Longyearbyen,SJ,78.2186,15.6401,35.44,80,75,2.3,broken clouds
454,Winchester,GB,51.0651,-1.3187,52.5,69,20,3.0,few clouds
455,Nara,JP,34.6851,135.8049,74.91,67,21,4.63,few clouds
456,Clarence Town,AU,-32.5833,151.7833,58.95,97,100,2.77,overcast clouds
457,Caucaia,BR,-3.7361,-38.6531,86.07,70,0,14.97,clear sky
458,Vila Velha,BR,-20.3297,-40.2925,80.94,69,0,18.41,clear sky
459,Kaitangata,NZ,-46.2817,169.8464,43.93,74,99,11.34,overcast clouds
460,Dingle,PH,10.9995,122.6711,75.87,92,45,3.69,scattered clouds
461,Areka,ET,7.0667,37.7,62.46,87,99,1.63,light rain
462,Kerrville,US,30.0474,-99.1403,86.02,67,90,5.01,overcast clouds
463,Tevaitoa,PF,-16.7833,-151.5,79.27,73,15,20.54,light rain
464,Rafai,CF,4.95,23.9167,72.07,88,93,0.96,light rain
465,Nuuk,GL,64.1835,-51.7216,38.01,52,20,3.44,few clouds
466,Lebu,CL,-37.6167,-73.65,54.1,69,100,15.3,overcast clouds
467,Broome,US,42.2506,-75.833,64.02,65,75,1.99,broken clouds
468,Skibbereen,IE,51.55,-9.2667,55.2,74,100,16.26,light rain
469,Mecca,SA,21.4267,39.8261,81.73,59,2,5.23,clear sky
470,Hailar,CN,49.2,119.7,34.38,71,100,7.7,overcast clouds
471,Mandera,KE,3.9366,41.867,86.0,46,52,21.43,broken clouds
472,Sembe,CG,1.6481,14.5806,71.55,98,100,2.68,light rain
473,Vestmannaeyjar,IS,63.4427,-20.2734,45.7,65,94,20.0,overcast clouds
474,Sioux Lookout,CA,50.1001,-91.917,77.38,57,20,11.5,few clouds
475,Shumyachi,RU,53.8583,32.4242,40.48,80,81,3.87,broken clouds
476,Velikooktyabrskiy,RU,57.4333,33.8159,39.34,94,99,2.39,overcast clouds
477,Naze,JP,28.3667,129.4833,77.32,80,41,15.95,scattered clouds
478,Guadalupe Y Calvo,MX,26.1,-106.9667,66.34,35,0,9.04,clear sky
479,Kapfenberg,AT,47.454,15.2702,58.51,94,100,1.92,overcast clouds
480,Pangnirtung,CA,66.1451,-65.7125,35.6,80,75,6.91,broken clouds
481,Kalaleh,IR,37.3807,55.4916,68.47,69,47,3.18,scattered clouds
482,Guiyang,CN,26.5833,106.7167,61.29,94,20,2.24,few clouds
483,Benghazi,LY,32.1167,20.0667,77.72,77,4,10.63,clear sky
484,Ust-Kuyga,RU,70.0167,135.6,9.72,92,30,4.18,scattered clouds
485,Sayyan,YE,15.1718,44.3244,62.69,53,98,3.15,overcast clouds
486,Gravdal,NO,68.1214,13.5031,53.28,78,54,6.49,broken clouds
487,Manicore,BR,-5.8092,-61.3003,90.43,49,100,2.64,light rain
488,Asau,RO,46.4333,26.4,52.75,89,8,1.23,light rain
489,Lithakia,GR,37.7167,20.8333,73.58,83,40,0.0,scattered clouds
490,Gorontalo,ID,0.5412,123.0595,74.82,94,98,2.24,overcast clouds
491,Nioro,GM,13.35,-15.75,79.61,80,23,7.85,few clouds
492,Qandala,SO,11.472,49.8728,90.57,52,52,0.58,broken clouds
493,Whitehorse,CA,60.7161,-135.0538,35.82,93,75,4.61,broken clouds
494,Lask,PL,51.5906,19.1328,56.82,86,100,1.01,overcast clouds
495,Omachi,JP,36.5,137.8667,60.49,88,0,3.11,clear sky
496,Necochea,AR,-38.5473,-58.7368,68.04,65,0,14.05,clear sky
497,Marawi,PH,7.9986,124.2928,68.65,91,100,2.66,overcast clouds
498,Klaksvik,FO,62.2266,-6.589,41.92,65,41,7.16,scattered clouds
499,Yaan,NG,7.3833,8.5667,72.5,95,100,4.29,overcast clouds
500,Mayahi,NE,13.9553,7.6712,83.97,55,99,7.47,overcast clouds
501,Tecoanapa,MX,16.5167,-98.75,84.79,69,31,9.26,scattered clouds
502,Huercal-Overa,ES,37.389,-1.9454,73.24,84,27,4.14,scattered clouds
503,Waddan,LY,29.1614,16.139,78.06,41,0,12.8,clear sky
504,Salamiyah,SY,35.0113,37.0532,68.11,74,0,8.16,clear sky
505,Tukrah,LY,32.5341,20.5791,76.17,83,1,7.34,clear sky
506,Kadyy,RU,57.787,43.1903,38.25,95,34,3.33,scattered clouds
507,Ous,RU,60.9058,61.5186,31.44,91,9,3.0,clear sky
508,Petrovsk-Zabaykalskiy,RU,51.273,108.843,24.96,97,50,4.54,scattered clouds
509,Flin Flon,CA,54.7682,-101.865,62.44,72,90,2.3,overcast clouds
510,Abnub,EG,27.2696,31.1511,79.02,35,0,7.72,clear sky
511,Ziguinchor,SN,12.5833,-16.2719,86.2,79,20,6.91,few clouds
512,Grajau,BR,-5.8194,-46.1386,91.08,40,48,4.63,scattered clouds
513,Bandarbeyla,SO,9.4942,50.8122,81.19,72,99,19.33,overcast clouds
514,Neryungri,RU,56.6709,124.6491,27.59,96,100,9.06,light snow
515,Lorengau,PG,-2.0226,147.2712,80.01,83,57,3.76,broken clouds
516,Bacabal,BR,-4.2917,-44.7917,83.41,62,97,3.56,overcast clouds
517,Mujiayingzi,CN,42.1167,118.7833,51.66,72,30,4.74,scattered clouds
518,Rocha,UY,-34.4833,-54.3333,60.82,70,0,12.44,clear sky
519,Angoram,PG,-4.0625,144.0661,73.13,99,100,2.08,overcast clouds
520,Teknaf,BD,20.8624,92.3058,77.2,82,86,2.71,overcast clouds
521,Aras,ES,42.5617,-2.356,59.41,67,20,4.61,few clouds
522,Belyy Yar,RU,53.6039,91.3903,37.29,81,0,6.71,light rain
523,Yerbogachen,RU,61.2767,108.0108,22.86,92,21,1.41,few clouds
524,Svetlogorsk,BY,52.6333,29.7333,42.39,77,67,5.61,broken clouds
525,Puerto Leguizamo,CO,-0.1934,-74.7819,78.73,89,92,5.1,light rain
526,Chara,RU,56.9064,118.2631,29.82,75,99,4.52,overcast clouds
527,Atar,MR,20.5169,-13.0499,98.04,9,4,8.88,clear sky
528,Karlskrona,SE,56.1616,15.5866,55.85,75,100,17.58,overcast clouds
529,Puerto Escondido,MX,15.85,-97.0667,85.55,69,93,6.87,overcast clouds
530,Taoudenni,ML,22.6783,-3.9836,96.12,7,0,8.55,clear sky
531,Lakatoro,VU,-16.0999,167.4164,77.92,81,48,12.28,scattered clouds
532,Wuning,CN,29.2589,120.2311,72.55,96,100,2.46,light rain
533,Arroio Dos Ratos,BR,-30.0772,-51.7292,70.09,80,32,11.16,scattered clouds
534,Grand-Lahou,CI,5.1367,-5.0242,76.41,91,100,5.97,light rain
535,Imeni Poliny Osipenko,RU,52.4201,136.4853,50.67,96,100,3.36,light rain
536,Kirkconnel,GB,55.3856,-3.9984,46.74,91,72,4.99,broken clouds
537,Sakrand,PK,26.1384,68.2736,87.75,74,40,6.91,smoke
538,Samarai,PG,-10.6167,150.6667,78.57,89,61,14.12,broken clouds
539,Kachug,RU,53.9606,105.8817,25.88,96,14,3.09,few clouds
540,Sao Felix Do Xingu,BR,-6.6447,-51.995,81.32,69,65,6.73,light rain
541,Neka,IR,36.6508,53.299,67.51,83,20,4.61,few clouds
542,Areia Branca,BR,-4.9561,-37.1369,97.0,75,27,22.75,scattered clouds
543,Omsukchan,RU,62.5333,155.8,17.92,74,10,5.06,clear sky
544,Ipswich,GB,52.0592,1.1555,52.02,73,20,10.36,few clouds
545,Anton Lizardo,MX,19.05,-95.9833,92.21,67,57,11.3,broken clouds
546,Bijie,CN,27.3125,105.2942,57.15,87,0,2.42,clear sky
547,Persianovskiy,RU,47.5137,40.1075,56.55,70,0,8.95,clear sky
548,Krasnoselkup,RU,65.7,82.4667,30.4,79,7,5.03,clear sky
549,Elizabeth City,US,36.2946,-76.2511,79.0,59,1,12.66,clear sky
550,Ellensburg,US,46.9965,-120.5479,59.63,51,1,1.99,clear sky
551,Qui Nhon,VN,13.7667,109.2333,77.65,91,10,4.65,clear sky
552,Zhangzhou,CN,24.5133,117.6556,82.15,88,0,1.99,clear sky
553,Bodo,NO,67.28,14.405,53.78,69,0,13.8,clear sky
554,Plumbon,ID,-6.705,108.4728,77.11,74,56,4.9,broken clouds
555,Tahoua,NE,14.8888,5.2692,85.98,51,20,9.22,thunderstorm
556,Santa Rosa,PH,14.3122,121.1114,83.91,87,77,3.04,broken clouds
557,San Carlos De Bariloche,AR,-41.1456,-71.3082,56.95,28,40,20.71,scattered clouds
558,Verkhnevilyuysk,RU,63.4453,120.3167,24.82,96,17,4.34,few clouds
559,Eyl,SO,7.9803,49.8164,79.97,74,17,19.15,few clouds
560,Thrissur,IN,10.5167,76.2167,75.18,96,62,1.01,broken clouds
561,Onega,RU,63.9061,38.1404,45.23,91,28,4.7,scattered clouds
562,Felipe Carrillo Puerto,MX,19.5833,-88.05,85.57,73,94,4.32,overcast clouds
563,Vila,PT,42.0304,-8.1588,57.33,78,83,4.21,broken clouds
564,Saint-Pierre,RE,-21.3393,55.4781,71.24,73,0,4.61,clear sky
565,Hazaribag,IN,23.9833,85.35,70.72,98,100,0.76,moderate rain
566,Monte Santo De Minas,BR,-21.1897,-46.9803,86.54,28,40,7.02,scattered clouds
567,Brandfort,ZA,-28.7001,26.4597,58.41,71,100,16.67,light rain
568,Okrika,NG,4.7416,7.0849,77.59,87,100,3.78,overcast clouds
569,Geraldton,AU,-28.7667,114.6,57.61,94,75,10.36,broken clouds
570,Johi,PK,26.6921,67.6133,90.28,46,0,7.61,clear sky
571,Sucua,EC,-2.4667,-78.1667,75.94,73,75,5.75,moderate rain
572,Arman,RU,59.7,150.1667,31.73,61,100,8.84,overcast clouds
573,Santa Cruz,BO,-17.8,-63.1667,96.26,41,40,16.11,smoke
574,Aasiaat,GL,68.7098,-52.8699,27.12,67,100,1.68,overcast clouds
575,Henties Bay,NA,-22.116,14.2845,56.86,90,0,6.17,clear sky
576,Leshan,CN,29.5623,103.7639,70.9,82,34,2.89,scattered clouds
577,Westport,US,41.1415,-73.3579,70.38,51,1,3.0,clear sky
578,Gornopravdinsk,RU,60.05,69.9,32.74,88,90,4.94,overcast clouds
579,Pochutla,MX,15.7432,-96.4661,83.82,58,83,7.92,broken clouds
580,Basco,PH,20.4487,121.9702,82.67,81,98,12.17,overcast clouds
581,Kalevala,RU,65.2,31.1667,42.85,95,36,4.29,scattered clouds
582,Gornozavodsk,RU,58.3758,58.3211,29.16,93,6,2.8,clear sky
583,Kashi,CN,39.4547,75.9797,70.81,23,0,11.18,clear sky
584,Marrakesh,MA,31.6315,-8.0083,86.07,39,75,4.61,broken clouds
585,Pangkalanbuun,ID,-2.6833,111.6167,75.22,97,97,1.9,overcast clouds
586,Bodden Town,KY,19.2833,-81.25,89.6,69,75,3.0,broken clouds
587,Thornhill,GB,55.2333,-3.7667,51.31,89,34,3.83,scattered clouds
588,Springfield,US,37.2153,-93.2982,85.98,56,40,8.99,scattered clouds
589,Lockhart,US,28.6194,-81.4426,88.88,53,90,4.0,overcast clouds
590,Srivardhan,IN,18.0333,73.0167,77.52,90,100,8.01,overcast clouds
591,Middelburg,ZA,-25.7751,29.4648,62.85,67,64,15.68,light rain
592,Kibre Mengist,ET,5.8833,38.9833,60.31,91,100,3.65,light rain
593,Dhidhdhoo,MV,6.8833,73.1,81.41,78,29,11.23,scattered clouds
594,Kruisfontein,ZA,-34.0033,24.7314,53.89,79,100,14.88,overcast clouds
595,Isiro,CD,2.7739,27.616,68.25,96,100,0.72,light rain
596,Aykhal,RU,66.0,111.5,26.38,56,100,4.99,overcast clouds
597,Honningsvag,NO,70.9821,25.9704,44.35,93,90,2.3,fog
598,Correntina,BR,-13.3433,-44.6367,90.91,23,77,4.76,broken clouds
599,Mahuva,IN,21.0914,71.7622,79.03,89,100,14.36,light rain
600,Chapleau,CA,47.8405,-83.4034,62.69,36,20,8.05,few clouds
601,Kamaishi,JP,39.2667,141.8833,67.82,91,69,10.94,broken clouds
602,U Thong,TH,14.3751,99.8923,78.21,89,81,2.42,light rain
603,Yumen,CN,40.2833,97.2,59.97,22,100,9.37,overcast clouds
604,Itapuranga,BR,-15.5622,-49.9486,85.06,37,89,3.74,overcast clouds
605,Buritis,BR,-15.6178,-46.4233,94.64,21,67,5.79,broken clouds
606,Havre,FR,49.5833,0.3333,56.97,54,40,17.27,scattered clouds
607,Piacabucu,BR,-10.4056,-36.4344,77.0,78,22,9.4,few clouds
608,Kontagora,NG,10.3999,5.4695,74.73,90,94,4.97,light rain
609,Cockburn Town,TC,21.4612,-71.1419,85.96,66,40,3.44,scattered clouds
610,Cam Ranh,VN,11.9214,109.1591,78.76,89,40,2.3,scattered clouds
611,Springdale,US,36.1867,-94.1288,84.25,56,20,8.01,few clouds
612,Aguadilla,PR,18.4275,-67.1541,85.64,75,16,3.0,light rain
613,Rorvik,NO,64.8621,11.2373,53.71,71,0,11.5,clear sky
614,Latung,PH,5.5,120.8833,83.73,72,100,5.17,overcast clouds
615,Fare,PF,-16.7,-151.0167,79.18,69,3,19.28,clear sky
616,Chanika,TZ,-5.4167,38.0167,68.94,88,92,7.96,overcast clouds
617,Monteagudo,BO,-19.8167,-63.9833,89.38,30,83,10.31,broken clouds
618,Hachinohe,JP,40.5,141.5,64.81,76,8,11.74,clear sky
619,Pangody,RU,65.85,74.4859,34.92,88,100,9.69,overcast clouds
620,Kindu,CD,-2.95,25.95,68.43,94,100,1.07,light rain
621,Mongu,ZM,-15.2484,23.1274,76.46,27,22,2.06,few clouds
622,Novaya Malykla,RU,54.2,49.95,41.04,66,100,4.32,light rain
623,Ixtapa,MX,20.7,-105.2,88.23,67,93,7.0,overcast clouds
624,Juneau,US,58.3019,-134.4197,50.0,80,40,9.22,light rain
625,Hajiganj,BD,23.2511,90.8592,75.47,93,98,3.65,overcast clouds
626,Oneida,US,43.2001,-75.4663,65.93,53,90,5.01,overcast clouds
627,Kaeo,NZ,-35.1,173.7833,50.32,95,48,5.06,scattered clouds
628,Abbeville,FR,50.1,1.8333,52.68,81,4,11.16,clear sky
629,Kawalu,ID,-7.3817,108.2082,70.03,94,89,0.13,overcast clouds
630,Poya,NC,-21.35,165.15,70.39,75,3,5.3,clear sky
631,Los Llanos De Aridane,ES,28.6585,-17.9182,69.55,71,75,20.71,broken clouds
632,Namatanai,PG,-3.6667,152.4333,79.56,82,92,8.43,light rain
633,Ormara,PK,25.2088,64.6357,87.13,61,20,11.43,few clouds
634,Mattru,SL,7.6244,-11.8332,74.66,90,100,4.36,overcast clouds
635,Tandur,IN,17.2333,77.5833,72.99,92,88,5.37,overcast clouds
636,Cap Malheureux,MU,-19.9842,57.6142,72.09,72,80,5.99,broken clouds
637,Tingo Maria,PE,-9.2895,-76.0088,88.11,58,20,5.75,few clouds
638,Lieksa,FI,63.3167,30.0167,47.95,74,100,5.41,overcast clouds
639,Dudinka,RU,69.4058,86.1778,32.05,98,100,20.45,snow
640,Talaya,RU,61.3833,152.75,15.49,70,100,2.66,overcast clouds
641,Hambantota,LK,6.1241,81.1185,80.98,73,96,11.21,overcast clouds
642,Gat,IL,31.61,34.7642,74.8,75,0,1.79,clear sky
643,Conakry,GN,9.538,-13.6773,80.67,78,20,9.22,light rain
644,Bima,ID,-8.4667,118.7167,73.71,94,50,3.56,scattered clouds
645,Urucui,BR,-7.2294,-44.5561,99.34,19,73,7.34,broken clouds
646,Havoysund,NO,70.9963,24.6622,44.83,84,4,6.04,clear sky
647,Cahors,FR,44.4167,1.3333,60.3,95,88,5.23,overcast clouds
648,Ygatimi,PY,-24.0833,-55.5,88.57,39,100,1.28,overcast clouds
649,Goure,NE,13.9835,10.2704,76.01,63,100,12.01,overcast clouds
650,Roald,NO,62.5833,6.1333,58.33,76,0,5.75,clear sky
651,George Town,MY,5.4112,100.3354,77.9,93,20,1.01,few clouds
652,Arlit,NE,18.7369,7.3853,92.93,17,61,11.03,broken clouds
653,Hun,LY,29.1268,15.9477,79.2,36,0,11.36,clear sky
654,Inyonga,TZ,-6.7167,32.0667,78.46,39,90,3.51,overcast clouds
655,Yangjiang,CN,21.85,111.9667,78.46,89,0,3.4,light rain
656,Amapa,BR,1.0,-52.0,90.81,38,34,3.33,scattered clouds
657,Jumla,NP,29.2747,82.1838,56.26,93,14,1.88,few clouds
658,Trinidad,BO,-14.8333,-64.9,96.78,49,40,6.91,smoke
659,Khandyga,RU,62.6667,135.6,34.68,52,100,4.9,overcast clouds
660,Kurumkan,RU,54.3,110.3,31.14,82,27,1.72,scattered clouds
661,Solnechnyy,RU,50.7214,136.6319,51.1,94,100,1.57,overcast clouds
662,Kwekwe,ZW,-18.9281,29.8149,74.39,26,17,9.64,few clouds
663,Kununurra,AU,-15.7667,128.7333,75.18,73,60,3.44,broken clouds
664,Zhigansk,RU,66.7697,123.3711,27.03,90,48,11.34,scattered clouds
665,Iralaya,HN,15.0,-83.2333,89.69,68,6,7.43,clear sky
666,Charters Towers,AU,-20.1,146.2667,64.17,87,54,12.66,broken clouds
667,Roma,US,43.2128,-75.4557,65.86,53,90,11.5,overcast clouds
668,Miri,MY,4.4148,114.0089,75.34,100,40,3.44,scattered clouds
669,Muscat,OM,23.6139,58.5922,87.82,53,98,6.6,overcast clouds
670,Venosa,IT,40.9613,15.8149,65.59,62,23,2.39,few clouds
671,Phan Thiet,VN,10.9333,108.1,77.23,89,100,4.56,moderate rain
672,Ushtobe,KZ,45.2514,77.9838,56.48,56,87,1.21,overcast clouds
673,Caraquet,CA,47.7941,-64.9386,57.74,74,46,12.48,scattered clouds
674,Marystown,CA,47.1666,-55.1483,64.85,100,38,3.0,scattered clouds
675,Gigmoto,PH,13.7796,124.39,80.33,83,65,3.47,broken clouds
676,Nicoya,CR,10.1483,-85.452,78.35,83,100,3.87,overcast clouds
677,Cap-Aux-Meules,CA,47.3821,-61.8597,57.25,82,75,16.11,broken clouds
678,Lodwar,KE,3.1191,35.5973,88.84,33,77,12.73,broken clouds
679,Lata,PT,40.1629,-8.3327,61.81,88,74,2.13,broken clouds
680,Berdigestyakh,RU,62.0989,126.6992,31.08,56,75,10.65,broken clouds
681,Fez,MA,34.0372,-4.9998,79.05,38,0,2.3,clear sky
682,Parrita,CR,9.5201,-84.3225,85.77,76,99,5.57,overcast clouds
683,Berlevag,NO,70.8578,29.0864,46.2,100,60,0.0,fog
684,Artvin,TR,41.1667,41.8333,54.68,94,99,2.82,light rain
685,Loveland,US,40.3978,-105.075,72.79,47,20,5.01,few clouds
686,Sinnamary,GF,5.3833,-52.95,84.52,68,32,9.28,scattered clouds
687,Maniitsoq,GL,65.4167,-52.9,34.47,61,100,2.57,overcast clouds
688,New Milford,US,40.9327,-74.0179,71.2,50,40,1.99,scattered clouds
689,Koroni,GR,36.8,21.95,72.07,72,78,6.58,broken clouds
690,Along,IN,28.1667,94.7667,70.97,98,48,1.9,scattered clouds
691,Wewak,PG,-3.5534,143.6268,79.12,86,83,4.09,broken clouds
692,Birin,NP,26.8865,88.0718,60.44,90,100,3.49,overcast clouds
693,Maldonado,UY,-34.6667,-54.9167,65.59,68,0,13.53,clear sky
694,Agirish,RU,61.9247,63.0231,34.2,84,38,2.93,scattered clouds
695,Ohara,JP,35.25,140.3833,71.01,77,100,6.11,overcast clouds
696,Broken Hill,AU,-31.95,141.4333,55.11,82,0,5.75,clear sky
697,Vestmanna,FO,62.1564,-7.1664,40.12,87,23,3.44,few clouds
698,Shache,CN,38.4167,77.2406,69.48,14,0,5.26,clear sky
699,Lensk,RU,60.7253,114.9278,31.14,98,100,2.08,overcast clouds
